<?xml version="1.0" encoding="UTF-8"?>
<model package="msklad" baseClass="xPDOObject" platform="mysql" defaultEngine="MyISAM" phpdoc-package="msklad" version="1.1">

    <object class="mSkladCategoryData" table="msklad_categories" extends="xPDOObject">
        <field key="category_id" dbtype="integer" attributes="unsigned" precision="10" phptype="integer" null="false" default="0" index="pk" />

        <field key="uuid_1c" dbtype="varchar" precision="74" phptype="string" null="true" default="" />
        <field key="uuid" dbtype="varchar" precision="74" phptype="string" null="true" default="" />
        <field key="level" dbtype="int" precision="4" attributes="unsigned" phptype="integer" null="true" />
        <field key="active" dbtype="tinyint" precision="1" attributes="unsigned" phptype="integer" null="false" default="0" />

        <aggregate alias="Category" class="msCategory" local="id" foreign="id" cardinality="one" owner="foreign" />

        <index alias="category" name="category" primary="true" unique="true" type="BTREE" >
            <column key="category_id" length="" collation="A" null="false" />
        </index>
        <index alias="uuid" name="uuid" primary="false" unique="false" type="BTREE" >
            <column key="uuid" length="" collation="A" null="false" />
        </index>
    </object>

    <object class="mSkladCategoryExchange" table="msklad_categories_exchange" extends="xPDOSimpleObject">
        <field key="category_id" dbtype="integer" attributes="unsigned" precision="10" phptype="integer" null="false" default="0"/>
        <field key="uuid_1c" dbtype="varchar" precision="74" phptype="string" null="true" default="" />
        <field key="uuid" dbtype="varchar" precision="74" phptype="string" null="true" default="" />
    </object>

	<object class="mSkladCategoryTemp" table="msklad_categories_temp" extends="xPDOSimpleObject">
		<field key="name" dbtype="varchar" precision="255" phptype="string" null="false" />
		<field key="uuid" dbtype="varchar" precision="74" phptype="string" null="true" default="" />
		<field key="parent_uuid" dbtype="varchar" precision="74" phptype="string" null="true" default="" />
		<field key="level" dbtype="int" precision="4" attributes="unsigned" phptype="integer" null="true" />

		<index alias="uuid" name="uuid" primary="false" unique="false" type="BTREE" >
			<column key="uuid" length="" collation="A" null="false" />
		</index>
	</object>

    <object class="mSkladProductData" table="msklad_products" extends="xPDOObject">
        <field key="product_id" dbtype="integer" attributes="unsigned" precision="10" phptype="integer" null="false" default="0" index="pk" />

        <field key="uuid_1c" dbtype="varchar" precision="74" phptype="string" null="true" default="" />
        <field key="uuid" dbtype="varchar" precision="74" phptype="string" null="true" default="" />
        <field key="price_uuid" dbtype="varchar" precision="74" phptype="string" null="true" default="" />
        <field key="active" dbtype="tinyint" precision="1" attributes="unsigned" phptype="integer" null="false" default="0" />

        <aggregate alias="Product" class="msProduct" local="id" foreign="id" cardinality="one" owner="foreign" />

        <index alias="product" name="product" primary="true" unique="true" type="BTREE" >
            <column key="product_id" length="" collation="A" null="false" />
        </index>
        <index alias="uuid" name="uuid" primary="false" unique="false" type="BTREE" >
            <column key="uuid" length="" collation="A" null="false" />
        </index>
	</object>

    <object class="mSkladProductExchange" table="msklad_products_exchange" extends="xPDOSimpleObject">
        <field key="product_id" dbtype="integer" attributes="unsigned" precision="10" phptype="integer" null="false" default="0" />
        <field key="uuid_1c" dbtype="varchar" precision="74" phptype="string" null="true" default="" />
        <field key="uuid" dbtype="varchar" precision="74" phptype="string" null="true" default="" />
        <field key="price_uuid" dbtype="varchar" precision="74" phptype="string" null="true" default="" />
    </object>

	<object class="mSkladProductTemp" table="msklad_products_temp" extends="xPDOSimpleObject">
		<field key="name" dbtype="varchar" precision="255" phptype="string" null="false" />
		<field key="article" dbtype="varchar" precision="255" phptype="string" null="false" />
		<field key="manufacturer" dbtype="varchar" precision="255" phptype="string" null="false" />
		<field key="images" dbtype="text" phptype="string" null="true" />
		<field key="bar_code" dbtype="varchar" precision="255" phptype="string" null="false" />
		<field key="description" dbtype="text" phptype="string" null="true" />
		<field key="features" dbtype="text" phptype="string" null="true" />
		<field key="properties" dbtype="text" phptype="string" null="true" />
		<field key="uuid" dbtype="varchar" precision="74" phptype="string" null="true" default="" />
		<field key="parent_uuid" dbtype="varchar" precision="74" phptype="string" null="true" default="" />
		<field key="status" dbtype="varchar" precision="255" phptype="string" null="false" />

		<index alias="uuid" name="uuid" primary="false" unique="false" type="BTREE" >
			<column key="uuid" length="" collation="A" null="false" />
		</index>
	</object>

	<object class="mSkladProductProperty" table="msklad_product_property" extends="xPDOSimpleObject">
		<field key="source" dbtype="varchar" precision="255" phptype="string" null="false" />
		<field key="type" dbtype="tinyint" precision="1" attributes="unsigned" phptype="integer" null="true" default="0" />
		<field key="target" dbtype="varchar" precision="255" phptype="string" null="false" />
		<field key="active" dbtype="tinyint" precision="1" attributes="unsigned" phptype="boolean" null="true" default="0" />
		<field key="default" dbtype="tinyint" precision="1" attributes="unsigned" phptype="boolean" null="true" default="0" />

		<index alias="source" name="source" primary="false" unique="false" type="BTREE" >
			<column key="source" length="" collation="A" null="false" />
		</index>
		<index alias="target" name="target" primary="false" unique="false" type="BTREE" >
			<column key="target" length="" collation="A" null="false" />
		</index>
	</object>

</model>